{
  "associationList" : [ ],
  "models" : [ {
    "type" : "Use Case",
    "id" : 2,
    "x" : 84.0,
    "y" : 110.66666666666669,
    "useCaseName" : "Use Case",
    "modelId" : 2
  }, {
    "type" : "Actor",
    "id" : 3,
    "x" : 133.33333333333334,
    "y" : 329.33333333333337,
    "actorName" : "Actor",
    "modelId" : 3
  } ]
}
